date,desc,amount,income,payment_method
2025-12-27,CLAUDE.AI,20.94,0.0,Amex US
2025-12-26,LYFT,10.93,0.0,Amex US
2025-12-23,SAM'S CLUB,34.49,0.0,Amex US
2025-12-23,WALMART,18.48,0.0,Amex US
2025-12-06,SAM'S CLUB,6.26,0.0,Amex US
2025-11-30,WALMART.COM,536.47,0.0,Amex US
2025-11-27,CLAUDE.AI,20.94,0.0,Amex US
2025-11-23,LYFT,15.8,0.0,Amex US
2025-11-23,SAM'S CLUB,18.81,0.0,Amex US
2025-11-19,LYFT,20.79,0.0,Amex US
2025-11-10,WALMART.COM,0.0,318.66,Amex US
2025-11-04,WALMART.COM,318.66,0.0,Amex US
2025-11-03,SAM'S CLUB,39.09,0.0,Amex US
2025-10-27,CLAUDE.AI,20.94,0.0,Amex US
2025-09-27,CLAUDE.AI,20.94,0.0,Amex US
2025-08-17,WASH LAUNDRY MOBILE TORRANCE,0.0,5.75,Amex US
2025-08-11,AMAZON.COM,10.46,0.0,Amex US
2025-07-09,HOMEOWNERS INSURANCEBOSTON,188.0,0.0,Amex US
2025-06-25,AMAZON.COM,6.39,0.0,Amex US
2025-06-17,AMAZON.COM,6.94,0.0,Amex US
2025-06-16,WASH LAUNDRY MOBILE TORRANCE,10.0,0.0,Amex US
2025-06-10,AMAZON.COM,7.85,0.0,Amex US
2025-06-06,WASH LAUNDRY MOBILE TORRANCE,10.0,0.0,Amex US
2025-05-20,ACADEMIA LANGUAGE SCHONOLULU,5.15,0.0,Amex US
2025-05-18,WASH LAUNDRY MOBILE TORRANCE,10.0,0.0,Amex US
2025-05-15,AMAZON,0.0,29.1,Amex US
2025-05-10,NEW SAMS.COM,20.94,0.0,Amex US
2025-05-08,WASH LAUNDRY MOBILE TORRANCE,10.0,0.0,Amex US
2025-05-06,AMAZON,218.47,0.0,Amex US
2025-05-05,Redeem Cash Back at Amazon.com,0.0,218.47,Amex US
2025-04-27,Amazon Prime,187.43,0.0,Amex US
2025-04-18,WASH LAUNDRY MOBILE TORRANCE,10.0,0.0,Amex US
2025-04-15,AplPay TST* YAKINIKUHONOLULU,12.12,0.0,Amex US
2025-04-03,UBER,18.95,0.0,Amex US
2025-03-30,WASH LAUNDRY MOBILE TORRANCE,10.0,0.0,Amex US
2025-03-24,AMAZON MARKEPLACE NA,57.83,0.0,Amex US
2025-03-06,WASH LAUNDRY MOBILE TORRANCE,10.0,0.0,Amex US
2025-03-02,AMAZON MARKEPLACE NA,4.6,0.0,Amex US
2025-03-02,AplPay DD *DEWDROPINSAN FRANCISCO,45.92,0.0,Amex US
2025-02-27,AMAZON MARKEPLACE NA,48.13,0.0,Amex US
2025-02-25,AMAZON MARKEPLACE NA,29.31,0.0,Amex US
2025-02-25,WASH LAUNDRY MOBILE TORRANCE,10.0,0.0,Amex US
2025-02-24,AMAZON MARKEPLACE NA,23.56,0.0,Amex US
2025-02-16,WASH LAUNDRY MOBILE TORRANCE,10.0,0.0,Amex US
2025-01-26,AMAZON MARKEPLACE NA,9.63,0.0,Amex US
2025-01-22,AMAZON MARKEPLACE NA,2.61,0.0,Amex US
2025-01-22,UBER,22.95,0.0,Amex US
2025-01-21,AMAZON MARKEPLACE NA,2.61,0.0,Amex US
2025-01-21,AMAZON MARKEPLACE NA,21.46,0.0,Amex US
2025-01-19,UBER,8.77,0.0,Amex US
2025-01-17,WASH LAUNDRY MOBILE TORRANCE,15.0,0.0,Amex US
2025-01-12,AMAZON.COM,17.58,0.0,Amex US
2025-01-10,AMAZON MARKEPLACE NA,25.21,0.0,Amex US
2025-01-10,AMAZON MARKEPLACE NA,40.25,0.0,Amex US
2024-07-31,FRACTA,0.0,5208.33,Sony JP
2024-08-19,決算お利息,0.0,0.61,Sony JP
2024-08-25,SAFEWAY,17.7,0.0,Sony JP
2024-08-26,DAISO,5.5,0.0,Sony JP
2024-08-26,WALGREENS,1.56,0.0,Sony JP
2024-08-28,DAISO,8.38,0.0,Sony JP
2024-08-31,NORWEIGAN CRUISE LINE,145.98,0.0,Sony JP
2024-08-31,ROSS STORES,5.23,0.0,Sony JP
2024-08-31,WAL-MART,16.16,0.0,Sony JP
2024-09-01,MALOLO MOLOKINI,95.35,0.0,Sony JP
2024-09-01,"BIKE MAUI, HALEAKALA ECOT",264.21,0.0,Sony JP
2024-09-02,FRACTA,0.0,5208.33,Sony JP
2024-09-05,KAYAK WAILUA,104.98,0.0,Sony JP
2024-09-05,LONGS,18.08,0.0,Sony JP
2024-09-05,NORWEGIAN PRIDE OF AMERIC,166.49,0.0,Sony JP
2024-09-06,QM TAXI,42.66,0.0,Sony JP
2024-09-07,ISLAND COUNTRY MKTS,3.13,0.0,Sony JP
2024-09-08,Google Store,114.1,0.0,Sony JP
2024-09-08,SAFEWAY,15.16,0.0,Sony JP
2024-09-09,NORWEGIAN PRIDE OF AMERIC,0.0,50.0,Sony JP
2024-09-11,ROSS STORES,13.59,0.0,Sony JP
2024-09-11,DON QUIJOTE,34.06,0.0,Sony JP
2024-09-12,HONOLULU HOLO CARD,25.0,0.0,Sony JP
2024-09-12,SOHO HAIR SALON ILIKA,47.12,0.0,Sony JP
2024-09-13,SOHO HAIR SALON ILIKA,9.0,0.0,Sony JP
2024-09-13,SAFEWAY,5.23,0.0,Sony JP
2024-09-16,ROSS STORES,10.98,0.0,Sony JP
2024-09-16,MUSUBI CAFE AT LANAI,6.83,0.0,Sony JP
2024-09-19,CBTL WARD,3.55,0.0,Sony JP
2024-09-19,T J MAXX,6.27,0.0,Sony JP
2024-09-23,SAFEWAY,9.55,0.0,Sony JP
2024-09-27,CBTL WARD,3.55,0.0,Sony JP
2024-09-27,SAFEWAY,2.66,0.0,Sony JP
2024-09-28,INTERNATIONAL MID,125.0,0.0,Sony JP
2024-09-28,RINGER HUT JAPANESE NOODL,17.28,0.0,Sony JP
2024-09-28,ISLAND BREW COFFEEHO,5.66,0.0,Sony JP
2024-09-30,SAFEWAY,11.17,0.0,Sony JP
2024-09-30,FRACTA,0.0,5208.33,Sony JP
2024-10-01,RINGER HUT JAPANESE NOODL,3.11,0.0,Sony JP
2024-10-02,T J MAXX,8.37,0.0,Sony JP
2024-10-03,SAFEWAY,10.33,0.0,Sony JP
2024-10-05,KAPALAMA CITY SQUARE-DL,6.14,0.0,Sony JP
2024-10-05,GIOVANNI?S SHRIMP TRU,20.38,0.0,Sony JP
2024-10-05,H MART,29.06,0.0,Sony JP
2024-10-06,CBTL WARD,4.07,0.0,Sony JP
2024-10-07,DOWN TO EARTH ORGAN,2.61,0.0,Sony JP
2024-10-07,H MART,13.96,0.0,Sony JP
2024-10-07,HONOLULU HOLO CARD,10.0,0.0,Sony JP
2024-10-07,CBTL DIAMOND HEAD,4.39,0.0,Sony JP
2024-10-10,SAFEWAY,14.38,0.0,Sony JP
2024-10-14,DOWN TO EARTH ORGAN,14.01,0.0,Sony JP
2024-10-14,SAFEWAY,8.21,0.0,Sony JP
2024-10-16,PIONEER SALOON,20.94,0.0,Sony JP
2024-10-17,PIONEER SALOON,3.14,0.0,Sony JP
2024-10-17,HEAVENLY ISLAND LIFE,34.0,0.0,Sony JP
2024-10-17,GLOW PUTT MINI GOLF AND,18.0,0.0,Sony JP
2024-10-19,SAFEWAY,10.25,0.0,Sony JP
2024-10-19,ISLE OF EVENTS,50.0,0.0,Sony JP
2024-10-19,SQ,0.0,50.0,Sony JP
2024-10-20,STARBUCKS STORE,3.3,0.0,Sony JP
2024-10-20,DON QUIJOTE,2.08,0.0,Sony JP
2024-10-21,9BAR HNL,6.28,0.0,Sony JP
2024-10-22,ROSS STORES,4.7,0.0,Sony JP
2024-10-22,9BAR HNL,1.0,0.0,Sony JP
2024-10-22,DON QUIJOTE,27.92,0.0,Sony JP
2024-10-22,ISLAND VINTAGE COFFE,6.81,0.0,Sony JP
2024-10-23,MORNING BREW KAKAAKO,3.87,0.0,Sony JP
2024-10-23,H MART,27.6,0.0,Sony JP
2024-10-26,SAFEWAY,18.29,0.0,Sony JP
2024-10-27,CBTL WARD,4.07,0.0,Sony JP
2024-10-27,T J MAXX,37.65,0.0,Sony JP
2024-10-28,BESTBUY.COM,837.69,0.0,Sony JP
2024-10-28,DAISO,1.83,0.0,Sony JP
2024-10-30,HONOLULU HOLO CARD,10.0,0.0,Sony JP
2024-10-30,SOHO HAIR SALON ILIKA,47.12,0.0,Sony JP
2024-10-31,WALGREENS,20.39,0.0,Sony JP
2024-10-31,SOHO HAIR SALON ILIKA,9.0,0.0,Sony JP
2024-11-01,SAFEWAY,16.85,0.0,Sony JP
2024-11-03,OFF THE HOOK POKE MAR,18.31,0.0,Sony JP
2024-11-03,STARBUCKS STORE,3.09,0.0,Sony JP
2024-11-04,WALGREENS,2.08,0.0,Sony JP
2024-11-04,BOOKOFF KAKA'AKO,1.05,0.0,Sony JP
2024-11-04,DOWN TO EARTH ORGAN,2.08,0.0,Sony JP
2024-11-10,STARBUCKS STORE,3.3,0.0,Sony JP
2024-11-10,ROSS STORES,7.32,0.0,Sony JP
2024-11-11,HOOMAU,5.24,0.0,Sony JP
2024-11-11,NIJIYA MARKET,15.69,0.0,Sony JP
2024-11-11,SAFEWAY,20.21,0.0,Sony JP
2024-11-11,FOODLAND,13.6,0.0,Sony JP
2024-11-12,STARBUCKS STORE,3.61,0.0,Sony JP
2024-11-16,SAFEWAY,23.16,0.0,Sony JP
2024-11-17,LONGS,32.0,0.0,Sony JP
2024-11-17,WALGREENS,1.35,0.0,Sony JP
2024-11-18,SAFEWAY,28.28,0.0,Sony JP
2024-11-20,HONOLULU HOLO CARD,10.0,0.0,Sony JP
2024-11-22,DON QUIJOTE,30.52,0.0,Sony JP
2024-11-23,DOWNTOWN COFFEE HONOL,4.19,0.0,Sony JP
2024-11-24,7-ELEVEN,1.2,0.0,Sony JP
2024-11-24,Koolau Distillery,24.38,0.0,Sony JP
2024-11-25,ROSS STORES,30.35,0.0,Sony JP
2024-11-25,T J MAXX,37.66,0.0,Sony JP
2024-11-25,NIJIYA MARKET,5.74,0.0,Sony JP
2024-11-26,DAISO,1.83,0.0,Sony JP
2024-11-27,SAFEWAY,7.84,0.0,Sony JP
2024-12-02,SAFEWAY,8.22,0.0,Sony JP
2024-12-02,WALGREENS,8.37,0.0,Sony JP
2024-12-02,STARBUCKS STORE,4.97,0.0,Sony JP
2024-12-05,SAFEWAY,9.4,0.0,Sony JP
2024-12-06,HONOLULU HOLO CARD,10.0,0.0,Sony JP
2024-12-06,EBINOMI,17.82,0.0,Sony JP
2024-12-06,STARBUCKS,3.3,0.0,Sony JP
2024-12-07,SAFEWAY,11.14,0.0,Sony JP
2024-12-08,CAFE DAISY,9.15,0.0,Sony JP
2024-12-09,DON QUIJOTE,10.83,0.0,Sony JP
2024-12-09,ROSS STORES,3.13,0.0,Sony JP
2024-12-09,DAISO,1.83,0.0,Sony JP
2024-12-10,SAFEWAY,12.51,0.0,Sony JP
2024-12-12,SAFEWAY,3.97,0.0,Sony JP
2024-12-13,SAFEWAY,20.37,0.0,Sony JP
2024-12-16,SAFEWAY,16.47,0.0,Sony JP
2024-12-17,MCDONALD'S F4544,5.75,0.0,Sony JP
2024-12-17,SOHO HAIR SALON ILIKA,73.3,0.0,Sony JP
2024-12-18,SOHO HAIR SALON ILIKA,14.0,0.0,Sony JP
2024-12-18,SAFEWAY,12.56,0.0,Sony JP
2024-12-20,SAFEWAY,6.62,0.0,Sony JP
2024-12-21,GEN,87.81,0.0,Sony JP
2024-12-23,CAFE DAISY,4.18,0.0,Sony JP
2024-12-23,MARUGAME UDON,13.29,0.0,Sony JP
2024-12-24,GEN,19.19,0.0,Sony JP
2024-12-24,SAFEWAY,7.55,0.0,Sony JP
2024-12-26,HONOLULU HOLO CARD,50.0,0.0,Sony JP
2024-12-27,DON QUIJOTE,16.01,0.0,Sony JP
2024-12-27,SAFEWAY,1.63,0.0,Sony JP
2024-12-28,DAISO,1.83,0.0,Sony JP
2024-12-29,COSTCO WHSE,84.85,0.0,Sony JP
2024-12-29,TARGET,37.55,0.0,Sony JP
2024-12-30,WAL-MART,11.59,0.0,Sony JP
2024-12-30,DON QUIJOTE,37.64,0.0,Sony JP
2024-12-31,MARSHALLS,10.46,0.0,Sony JP
2025-01-01,LONGS,10.46,0.0,Sony JP
2025-01-01,ROOTS & GREENS,16.74,0.0,Sony JP
2025-01-01,STARBUCKS STORE,3.3,0.0,Sony JP
2025-01-01,ROSS STORES,65.96,0.0,Sony JP
2025-01-01,DON QUIJOTE,13.34,0.0,Sony JP
2025-01-02,STARBUCKS STORE,3.61,0.0,Sony JP
2025-01-02,DON QUIJOTE,14.1,0.0,Sony JP
2025-01-03,WAL-MART,7.76,0.0,Sony JP
2025-01-03,DON QUIJOTE,4.44,0.0,Sony JP
2025-01-03,NIJIYA MARKET,9.03,0.0,Sony JP
2025-01-04,CAPTAIN BRUCE,129.0,0.0,Sony JP
2025-01-05,HEEIA PIER THE,12.0,0.0,Sony JP
2025-01-05,DON QUIJOTE,8.37,0.0,Sony JP
2025-01-06,ROSS STORES,3.65,0.0,Sony JP
2025-01-08,DON QUIJOTE,10.12,0.0,Sony JP
2025-01-09,DON QUIJOTE,2.61,0.0,Sony JP
2025-01-12,DON QUIJOTE,12.55,0.0,Sony JP
2025-01-13,DON QUIJOTE,15.95,0.0,Sony JP
2025-01-13,ROSS STORES,24.05,0.0,Sony JP
2025-01-13,TARGET,12.13,0.0,Sony JP
2025-01-13,DAISO,9.16,0.0,Sony JP
2025-01-14,SAFEWAY,22.67,0.0,Sony JP
2025-01-14,STARBUCKS STORE,7.02,0.0,Sony JP
2025-01-15,DON QUIJOTE,23.51,0.0,Sony JP
2025-01-17,SAFEWAY,24.51,0.0,Sony JP
2025-01-19,T J MAXX,5.23,0.0,Sony JP
2025-01-19,PARIS BAGUETTE,7.93,0.0,Sony JP
2025-01-20,DAISO,1.83,0.0,Sony JP
2025-01-20,HI STEAKS,18.85,0.0,Sony JP
2025-01-20,CBTL,4.07,0.0,Sony JP
2025-01-20,MARSHALLS,8.37,0.0,Sony JP
2025-01-20,DON QUIJOTE,10.45,0.0,Sony JP
2025-01-20,SAFEWAY,4.85,0.0,Sony JP
2025-01-21,SAFEWAY,22.01,0.0,Sony JP
2025-01-22,SOHO BEAUTY,113.09,0.0,Sony JP
2025-01-23,SOHO BEAUTY,21.6,0.0,Sony JP
2025-01-23,SAFEWAY,8.71,0.0,Sony JP
2025-01-24,EPI-YA BAKERY,8.8,0.0,Sony JP
2025-01-25,MARSHALLS,10.24,0.0,Sony JP
2025-01-25,DON QUIJOTE,30.35,0.0,Sony JP
2025-01-26,Kewalo Harbor,14.66,0.0,Sony JP
2025-01-27,TIMES SUPERMARKET,8.23,0.0,Sony JP
2025-01-27,SAFEWAY,9.53,0.0,Sony JP
2025-01-30,YYK DIM SUM,12.35,0.0,Sony JP
2025-01-31,SAFEWAY,10.5,0.0,Sony JP
2025-02-02,ROSS STORES,16.2,0.0,Sony JP
2025-02-03,AMAZON,41.83,0.0,Sony JP
2025-02-03,T J MAXX,25.11,0.0,Sony JP
2025-02-03,DAISO,3.66,0.0,Sony JP
2025-02-03,SAFEWAY,26.44,0.0,Sony JP
2025-02-08,TIMES SUPERMARKET,9.83,0.0,Sony JP
2025-02-09,AMAZON,15.08,0.0,Sony JP
2025-02-13,SAFEWAY,24.05,0.0,Sony JP
2025-02-16,AMAZON,29.2,0.0,Sony JP
2025-02-17,WALGREENS,12.55,0.0,Sony JP
2025-02-17,決算お利息,0.0,6.41,Sony JP
2025-02-20,DON QUIJOTE,54.76,0.0,Sony JP
2025-02-22,SOHO HAIR SALON ILIKA,57.59,0.0,Sony JP
2025-02-22,SAFEWAY,10.53,0.0,Sony JP
2025-02-23,SOHO HAIR SALON ILIKA,11.0,0.0,Sony JP
2025-02-23,ROSS STORES,14.11,0.0,Sony JP
2025-02-23,DON QUIJOTE,14.21,0.0,Sony JP
2025-02-24,MUSUBI CAFE AT LANAI,11.79,0.0,Sony JP
2025-02-24,STARBUCKS STORE,3.3,0.0,Sony JP
2025-02-24,DAISO,10.99,0.0,Sony JP
2025-02-25,WALGREENS,17.56,0.0,Sony JP
2025-02-28,APPLE STORE,1936.12,0.0,Sony JP
2025-02-28,APPLE.COM/BILL,94.23,0.0,Sony JP
2025-03-01,SAFEWAY,11.58,0.0,Sony JP
2025-03-01,AMAZON,13.56,0.0,Sony JP
2025-03-02,MITSUWA,16.6,0.0,Sony JP
2025-03-03,WWW.TOTALAV.COM,39.0,0.0,Sony JP
2025-03-04,COSTCO WHSE,70.95,0.0,Sony JP
2025-03-05,SAFEWAY,4.96,0.0,Sony JP
2025-03-06,DON QUIJOTE,38.87,0.0,Sony JP
2025-03-07,AMAZON,34.9,0.0,Sony JP
2025-03-08,ROSS STORES,17.79,0.0,Sony JP
2025-03-09,YU CHUN KOREAN RESTAURAN,34.47,0.0,Sony JP
2025-03-10,WALGREENS,18.83,0.0,Sony JP
2025-03-11,MARSHALLS,27.19,0.0,Sony JP
2025-03-12,SAFEWAY,7.31,0.0,Sony JP
2025-03-15,SAFEWAY,29.81,0.0,Sony JP
2025-03-16,DAIICHI RAMEN,14.61,0.0,Sony JP
2025-03-16,SAFEWAY,5.75,0.0,Sony JP
2025-03-17,STARBUCKS STORE,3.61,0.0,Sony JP
2025-03-17,SAFEWAY,14.63,0.0,Sony JP
2025-03-18,SAFEWAY,6.89,0.0,Sony JP
2025-03-18,DAIICHI RAMEN,16.18,0.0,Sony JP
2025-03-18,STARBUCKS STORE,3.61,0.0,Sony JP
2025-03-19,STARBUCKS STORE,3.61,0.0,Sony JP
2025-03-19,DAIICHI RAMEN,2.6,0.0,Sony JP
2025-03-19,L&L HAWAIIAN BARBECUE,12.51,0.0,Sony JP
2025-03-20,STARBUCKS G60 HNL,10.16,0.0,Sony JP
2025-03-20,KOLOA FISH MARKET,19.88,0.0,Sony JP
2025-03-20,LONGS,8.37,0.0,Sony JP
2025-03-21,JAVA KAI /// KAPAA,15.62,0.0,Sony JP
2025-03-21,TITUS KINIMAKA INC,78.53,0.0,Sony JP
2025-03-21,DAIICHI RAMEN,2.91,0.0,Sony JP
2025-03-21,KILAUEA FISH MARKET,21.63,0.0,Sony JP
2025-03-22,ALOHA ROASTERY,7.58,0.0,Sony JP
2025-03-22,GINA'S ANYKINE GRINDS,10.99,0.0,Sony JP
2025-03-23,ALOHA ROASTERY,7.58,0.0,Sony JP
2025-03-23,ISLAND COUNTRY MKTS,3.65,0.0,Sony JP
2025-03-23,JUNGLE GIRL INC,33.44,0.0,Sony JP
2025-03-23,KONOHIKI SEAFOODS,17.75,0.0,Sony JP
2025-03-24,TEDDY'S BIGGER BURGE,22.92,0.0,Sony JP
2025-03-25,STARBUCKS STORE,3.61,0.0,Sony JP
2025-03-25,DAIICHI RAMEN,16.18,0.0,Sony JP
2025-03-28,DAIICHI RAMEN,2.91,0.0,Sony JP
2025-03-28,SAFEWAY,40.95,0.0,Sony JP
2025-03-29,WALGREENS,13.07,0.0,Sony JP
2025-03-30,WHOLEFDS,13.33,0.0,Sony JP
2025-03-30,LONGS,40.92,0.0,Sony JP
2025-03-30,LONGS,1.19,0.0,Sony JP
2025-04-01,SAFEWAY,15.15,0.0,Sony JP
2025-04-02,SAFEWAY,39.73,0.0,Sony JP
2025-04-02,HAWAII PACIFIC HEALTH,173.4,0.0,Sony JP
2025-04-03,DON QUIJOTE,39.72,0.0,Sony JP
2025-04-04,INTERNATIONAL MID,2400.0,0.0,Sony JP
2025-04-04,TARGET,9.41,0.0,Sony JP
2025-04-06,CBTL,4.07,0.0,Sony JP
2025-04-06,WAL−MART,7.25,0.0,Sony JP
2025-04-07,AMAZON,304.61,0.0,Sony JP
2025-04-07,WHOLEFDS,13.73,0.0,Sony JP
2025-04-07,LONGS,42.55,0.0,Sony JP
2025-04-08,AMAZON,36.38,0.0,Sony JP
2025-04-10,SAFEWAY,18.6,0.0,Sony JP
2025-04-11,HAWAII PACIFIC HEALTH,141.6,0.0,Sony JP
2025-04-12,FOODLAND,5.35,0.0,Sony JP
2025-04-12,LONGS,31.77,0.0,Sony JP
2025-04-13,T J MAXX,6.28,0.0,Sony JP
2025-04-13,ROSS STORES,15.68,0.0,Sony JP
2025-04-14,MARSHALLS,16.73,0.0,Sony JP
2025-04-14,MUSUBI CAFE AT LANAI,6.35,0.0,Sony JP
2025-04-15,SAFEWAY,16.73,0.0,Sony JP
2025-04-17,HAWAII PACIFIC HEALTH,141.6,0.0,Sony JP
2025-04-20,DON QUIJOTE,17.13,0.0,Sony JP
2025-04-20,TIMES SUPERMARKET,13.09,0.0,Sony JP
2025-04-21,H MART,20.9,0.0,Sony JP
2025-04-21,DOWN TO EARTH ORGAN,2.61,0.0,Sony JP
2025-04-23,SOHO HAIR SALON ILIKA,68.06,0.0,Sony JP
2025-04-24,SOHO HAIR SALON ILIKA,13.0,0.0,Sony JP
2025-04-25,FOODLAND,10.14,0.0,Sony JP
2025-04-27,NIJIYA MARKET,2.61,0.0,Sony JP
2025-04-27,MARSHALLS,9.4,0.0,Sony JP
2025-04-27,TARGET,18.31,0.0,Sony JP
2025-04-28,SAFEWAY,6.27,0.0,Sony JP
2025-04-29,MUSUBI CAFE AT LANAI,8.36,0.0,Sony JP
2025-05-02,ROSS STORES,15.7,0.0,Sony JP
2025-05-04,SQ *TCA WIRELESS DON QUIJ,130.89,0.0,Sony JP
2025-05-04,NIJIYA MARKET,13.08,0.0,Sony JP
2025-05-04,DON QUIJOTE,12.88,0.0,Sony JP
2025-05-04,DAISO − PIIKOI,5.5,0.0,Sony JP
2025-05-05,ROSS STORES,36.63,0.0,Sony JP
2025-05-05,MARSHALLS,6.27,0.0,Sony JP
2025-05-06,CLINICAL LABORATORIES,70.0,0.0,Sony JP
2025-05-06,SAFEWAY,10.03,0.0,Sony JP
2025-05-07,DAISO − PIIKOI,10.99,0.0,Sony JP
2025-05-08,SAFEWAY,16.92,0.0,Sony JP
2025-05-10,DAISO − PIIKOI,1.83,0.0,Sony JP
2025-05-10,AMAZON,66.71,0.0,Sony JP
2025-05-10,AMAZON,101.57,0.0,Sony JP
2025-05-11,DAISO − PIIKOI,12.83,0.0,Sony JP
2025-05-11,ROSS STORES,68.01,0.0,Sony JP
2025-05-11,DON QUIJOTE,28.73,0.0,Sony JP
2025-05-12,AMAZON,112.95,0.0,Sony JP
2025-05-12,AMAZON,37.69,0.0,Sony JP
2025-05-14,SAFEWAY,29.18,0.0,Sony JP
2025-05-15,SAFEWAY,7.31,0.0,Sony JP
2025-05-16,AMAZON,36.6,0.0,Sony JP
2025-05-16,AMAZON,8.37,0.0,Sony JP
2025-05-18,T J MAXX,43.94,0.0,Sony JP
2025-05-18,WAL−MART,9.66,0.0,Sony JP
2025-05-18,WAL−MART,3.95,0.0,Sony JP
2025-05-18,DON QUIJOTE,17.25,0.0,Sony JP
2025-05-18,DON QUIJOTE,8.16,0.0,Sony JP
2025-05-18,AMAZON,84.35,0.0,Sony JP
2025-05-18,AMAZON,70.67,0.0,Sony JP
2025-05-19,DAISO − PIIKOI,61.26,0.0,Sony JP
2025-05-20,DAISO − PIIKOI,18.32,0.0,Sony JP
2025-05-20,AMAZON,0.0,8.99,Sony JP
2025-05-22,DAISO − PIIKOI,7.33,0.0,Sony JP
2025-05-22,T J MAXX,21.97,0.0,Sony JP
2025-05-22,AMAZON,76.81,0.0,Sony JP
2025-05-22,DAISO − PIIKOI,4.77,0.0,Sony JP
2025-05-22,AMAZON,134.75,0.0,Sony JP
2025-05-23,TARGET,202.03,0.0,Sony JP
2025-05-23,TARGET,22.07,0.0,Sony JP
2025-05-23,MARSHALLS,34.52,0.0,Sony JP
2025-05-23,TARGET,11.51,0.0,Sony JP
2025-05-23,AMAZON,33.92,0.0,Sony JP
2025-05-24,DON QUIJOTE,19.09,0.0,Sony JP
2025-05-24,DAISO − PIIKOI,18.32,0.0,Sony JP
2025-05-25,T J MAXX,15.69,0.0,Sony JP
2025-05-25,FOODLAND,17.24,0.0,Sony JP
2025-05-25,TARGET,5.96,0.0,Sony JP
2025-05-26,AMAZON,278.74,0.0,Sony JP
2025-05-26,AMAZON,0.0,70.67,Sony JP
2025-05-26,ROSS STORES,12.54,0.0,Sony JP
2025-05-26,FOODLAND,9.04,0.0,Sony JP
2025-05-26,AMAZON,11.72,0.0,Sony JP
2025-05-27,DON QUIJOTE,12.86,0.0,Sony JP
2025-05-27,AMAZON,24.14,0.0,Sony JP
2025-05-29,TARGET,0.0,202.08,Sony JP
2025-05-29,SAMSCLUB,37.08,0.0,Sony JP
2025-05-29,DAISO − PIIKOI,5.5,0.0,Sony JP
2025-06-01,MAHALOHA BURGER ALA MOAN,19.84,0.0,Sony JP
2025-06-02,Spectrum,31.42,0.0,Sony JP
2025-06-02,AMAZON,0.0,36.6,Sony JP
2025-06-02,AMAZON,28.16,0.0,Sony JP
2025-06-02,AMAZON,65.95,0.0,Sony JP
2025-06-03,SAFEWAY,16.93,0.0,Sony JP
2025-06-05,DON QUIJOTE,14.64,0.0,Sony JP
2025-06-05,SAFEWAY,8.6,0.0,Sony JP
2025-06-05,COSTCO WHSE,64.98,0.0,Sony JP
2025-06-07,DAISO − PIIKOI,14.14,0.0,Sony JP
2025-06-07,SPO*THESISTERSCAFE&RESTAU,15.18,0.0,Sony JP
2025-06-07,MARSHALLS,7.32,0.0,Sony JP
2025-06-07,WAL−MART,5.91,0.0,Sony JP
2025-06-08,T J MAXX,26.13,0.0,Sony JP
2025-06-08,DAISO − PIIKOI,22.25,0.0,Sony JP
2025-06-08,AMAZON,38.72,0.0,Sony JP
2025-06-09,SPO*THESISTERSCAFE&RESTAU,2.73,0.0,Sony JP
2025-06-10,DAISO − PIIKOI,16.49,0.0,Sony JP
2025-06-10,WAL−MART,10.81,0.0,Sony JP
2025-06-10,DON QUIJOTE,19.03,0.0,Sony JP
2025-06-11,SQ *ROOTS & GREENS,20.71,0.0,Sony JP
2025-06-14,SQ *SOHO HAIR SALON ILIKA,57.59,0.0,Sony JP
2025-06-15,DAISO − PIIKOI,25.92,0.0,Sony JP
2025-06-15,AMAZON,0.0,52.35,Sony JP
2025-06-15,MITSUWA,12.18,0.0,Sony JP
2025-06-15,ROSS STORES,14.11,0.0,Sony JP
2025-06-15,DON QUIJOTE,6.25,0.0,Sony JP
2025-06-15,AMAZON,18.52,0.0,Sony JP
2025-06-15,AMAZON,72.17,0.0,Sony JP
2025-06-16,SQ *SOHO HAIR SALON ILIKA,11.0,0.0,Sony JP
2025-06-16,SAFEWAY,9.34,0.0,Sony JP
2025-06-17,AMAZON,55.49,0.0,Sony JP
2025-06-18,SAMS CLUB,37.63,0.0,Sony JP
2025-06-18,PAYPAL *SHEINUSSERV,55.98,0.0,Sony JP
2025-06-20,SAFEWAY,11.29,0.0,Sony JP
2025-06-21,GEOBLUE,778.25,0.0,Sony JP
2025-06-21,NIJIYA MARKET,10.44,0.0,Sony JP
2025-06-22,NIJIYA MARKET,13.6,0.0,Sony JP
2025-06-22,DON QUIJOTE,4.14,0.0,Sony JP
2025-06-23,AMAZON,0.0,24.41,Sony JP
2025-06-24,PAYPAL *SHEINUSSERV,0.0,28.54,Sony JP
2025-06-26,SAFEWAY,1.87,0.0,Sony JP
2025-06-27,SQ *RAINBOW BLOOMS,11.6,0.0,Sony JP
2025-06-27,DAISO − PIIKOI,14.14,0.0,Sony JP
2025-06-28,PIONEER SALOON,15.71,0.0,Sony JP
2025-06-29,PIONEER SALOON,2.36,0.0,Sony JP
2025-06-30,AMAZON,20.93,0.0,Sony JP
2025-06-30,AMAZON,27.02,0.0,Sony JP
2025-07-01,SAFEWAY,4.5,0.0,Sony JP
2025-07-03,TIMES SUPERMARKET,17.03,0.0,Sony JP
2025-07-06,GOOGLE *CHROME TEMP,1.0,0.0,Sony JP
2025-07-06,GOOGLE *SERVICES,0.0,1.0,Sony JP
2025-07-06,SECURE BIKE SHARE,31.41,0.0,Sony JP
2025-07-06,TARGET,7.33,0.0,Sony JP
2025-07-07,COSTCO WHSE,48.34,0.0,Sony JP
2025-07-08,WAL−MART,3.81,0.0,Sony JP
2025-07-08,MARSHALLS,44.97,0.0,Sony JP
2025-07-08,DON QUIJOTE,15.05,0.0,Sony JP
2025-07-08,ROSS STORES,29.3,0.0,Sony JP
2025-07-08,NIJIYA MARKET,19.64,0.0,Sony JP
2025-07-09,AMAZON,55.21,0.0,Sony JP
2025-07-09,MARSHALLS,55.43,0.0,Sony JP
2025-07-09,AMAZON,26.8,0.0,Sony JP
2025-07-09,DAISO − PIIKOI,2.36,0.0,Sony JP
2025-07-10,AMAZON,41.87,0.0,Sony JP
2025-07-10,DAISO − PIIKOI,7.07,0.0,Sony JP
2025-07-10,AMAZON,29.31,0.0,Sony JP
2025-07-10,SQ *LAPIN LLC,10.47,0.0,Sony JP
2025-07-10,AMAZON,35.17,0.0,Sony JP
2025-07-10,MACYS,59.95,0.0,Sony JP
2025-07-11,Spectrum,50.0,0.0,Sony JP
2025-07-11,DON QUIJOTE,49.62,0.0,Sony JP
2025-07-12,STARBUCKS STORE,3.61,0.0,Sony JP
2025-07-12,AMAZON,31.4,0.0,Sony JP
2025-07-12,AMAZON,0.0,27.02,Sony JP
2025-07-12,SQ *LAPIN LLC,1.57,0.0,Sony JP
2025-07-12,MUSUBI CAFE AT LANAI,11.46,0.0,Sony JP
2025-07-12,ROSS STORES,29.3,0.0,Sony JP
2025-07-12,DON QUIJOTE,16.21,0.0,Sony JP
2025-07-13,AMAZON,29.83,0.0,Sony JP
2025-07-13,AMAZON,0.0,11.41,Sony JP
2025-07-13,SP DAILY WHISK MATCH,12.89,0.0,Sony JP
2025-07-14,MARSHALLS,44.98,0.0,Sony JP
2025-07-14,TARGET,11.51,0.0,Sony JP
2025-07-15,AMAZON,31.4,0.0,Sony JP
2025-07-15,AMAZON,15.68,0.0,Sony JP
2025-07-15,AMAZON,20.93,0.0,Sony JP
2025-07-15,AMAZON,30.76,0.0,Sony JP
2025-07-15,AMAZON,0.0,31.4,Sony JP
2025-07-15,STARBUCKS STORE,8.48,0.0,Sony JP
2025-07-17,UNIV,25.0,0.0,Sony JP
2025-07-18,DON QUIJOTE,30.63,0.0,Sony JP
2025-07-19,NALU HEALTH BAR AT WARD,11.47,0.0,Sony JP
2025-07-19,CBTL WARD,4.6,0.0,Sony JP
2025-07-19,T J MAXX,28.23,0.0,Sony JP
2025-07-21,SAMSCLUB,32.49,0.0,Sony JP
2025-07-22,AMAZON,0.0,26.8,Sony JP
2025-07-22,DON QUIJOTE,18.05,0.0,Sony JP
2025-07-23,MACYS,0.0,49.48,Sony JP
2025-07-24,WAL−MART,11.59,0.0,Sony JP
2025-07-26,MARSHALLS,9.4,0.0,Sony JP
2025-07-27,SAMSCLUB,90.79,0.0,Sony JP
2025-07-28,WAL−MART,7.62,0.0,Sony JP
2025-07-29,DON QUIJOTE,13.24,0.0,Sony JP
2025-07-29,AMAZON,12.55,0.0,Sony JP
2025-07-30,AMAZON,42.07,0.0,Sony JP
2025-07-31,SAMS CLUB,21.19,0.0,Sony JP
2025-07-31,WAL−MART,4.2,0.0,Sony JP
2025-08-01,DON QUIJOTE,13.05,0.0,Sony JP
2025-08-02,AMAZON,10.45,0.0,Sony JP
2025-08-02,SQ *PERMANENT MAKEUP BY Y,209.42,0.0,Sony JP
2025-08-02,TARGET,3.45,0.0,Sony JP
2025-08-02,USPS,28.05,0.0,Sony JP
2025-08-02,DON QUIJOTE,21.54,0.0,Sony JP
2025-08-03,DON QUIJOTE,11.34,0.0,Sony JP
2025-08-03,MARSHALLS,9.41,0.0,Sony JP
2025-08-04,AMAZON,24.23,0.0,Sony JP
2025-08-05,AMAZON,32.77,0.0,Sony JP
2025-08-06,UNIVERSITY HEALTH SERVIC,38.0,0.0,Sony JP
2025-08-06,SECURE BIKE SHARE,31.41,0.0,Sony JP
2025-08-06,DON QUIJOTE,9.49,0.0,Sony JP
2025-08-07,SQ *SOHO HAIR SALON ILIKA,73.3,0.0,Sony JP
2025-08-07,SAMS CLUB,27.47,0.0,Sony JP
2025-08-08,SQ *SOHO HAIR SALON ILIKA,14.0,0.0,Sony JP
2025-08-08,ROSS STORES,10.46,0.0,Sony JP
2025-08-09,AMAZON,180.09,0.0,Sony JP
2025-08-10,AMAZON,382.25,0.0,Sony JP
2025-08-11,Spectrum,50.0,0.0,Sony JP
2025-08-11,AMAZON,27.2,0.0,Sony JP
2025-08-12,AMAZON,0.0,180.09,Sony JP
2025-08-13,T J MAXX,21.96,0.0,Sony JP
2025-08-13,ROSS STORES,8.36,0.0,Sony JP
2025-08-13,AMAZON,0.0,382.25,Sony JP
2025-08-14,AMAZON,0.0,30.61,Sony JP
2025-08-15,DON QUIJOTE,17.2,0.0,Sony JP
2025-08-15,AMAZON,15.07,0.0,Sony JP
2025-08-15,AMAZON,10.36,0.0,Sony JP
2025-08-16,APPLE STORE,292.15,0.0,Sony JP
2025-08-16,FOODLAND,9.39,0.0,Sony JP
2025-08-16,DAISO − PIIKOI,14.14,0.0,Sony JP
2025-08-18,AMAZON,260.73,0.0,Sony JP
2025-08-18,決算利息,0.0,1.8,Sony JP
2025-08-18,COSTCO WHSE,67.04,0.0,Sony JP
2025-08-20,UNIV,4555.0,0.0,Sony JP
2025-08-21,AMAZON,31.82,0.0,Sony JP
2025-08-21,KAPALAMA CITY SQUARE−DL,16.89,0.0,Sony JP
2025-08-21,COSTCO WHSE,52.29,0.0,Sony JP
2025-08-22,DON QUIJOTE,17.09,0.0,Sony JP
2025-08-22,ROSS STORES,17.78,0.0,Sony JP
2025-08-22,MARSHALLS,33.49,0.0,Sony JP
2025-08-22,AMAZON,50.21,0.0,Sony JP
2025-08-22,AMAZON,10.46,0.0,Sony JP
2025-08-23,DAISO − PIIKOI,11.78,0.0,Sony JP
2025-08-23,DON QUIJOTE,8.15,0.0,Sony JP
2025-08-23,AMAZON,4.18,0.0,Sony JP
2025-08-25,WAL−MART,4.06,0.0,Sony JP
2025-08-25,AMAZON,73.01,0.0,Sony JP
2025-08-26,WAL−MART,17.45,0.0,Sony JP
2025-08-27,DON QUIJOTE,29.05,0.0,Sony JP
2025-08-29,DON QUIJOTE,21.03,0.0,Sony JP
2025-08-30,FARMHOUSE CAFE,23.56,0.0,Sony JP
2025-08-31,ASAHI GRILL,37.59,0.0,Sony JP
2025-08-31,SQ *TRY COFFEE,4.7,0.0,Sony JP
2025-09-01,FARMHOUSE CAFE,4.0,0.0,Sony JP
2025-09-01,MARSHALLS,35.58,0.0,Sony JP
2025-09-01,TARGET,21.76,0.0,Sony JP
2025-09-02,ASAHI GRILL,5.0,0.0,Sony JP
2025-09-03,UH KAPIOLANI CC BOOKSTR,4.2,0.0,Sony JP
2025-09-04,UNIVERSITY HEALTH SERVIC,50.0,0.0,Sony JP
2025-09-04,DON QUIJOTE,10.06,0.0,Sony JP
2025-09-05,AMAZON,20.87,0.0,Sony JP
2025-09-06,FOODLAND,9.27,0.0,Sony JP
2025-09-06,MARSHALLS,17.78,0.0,Sony JP
2025-09-07,TARGET,4.49,0.0,Sony JP
2025-09-07,SAMSCLUB,27.48,0.0,Sony JP
2025-09-09,JOLLIBEE,12.53,0.0,Sony JP
2025-09-09,ROSS STORES,18.29,0.0,Sony JP
2025-09-09,WAL−MART,12.02,0.0,Sony JP
2025-09-10,SAMSCLUB,0.0,19.35,Sony JP
2025-09-10,Spectrum,50.0,0.0,Sony JP
2025-09-11,AMAZON,209.41,0.0,Sony JP
2025-09-12,AMAZON,0.0,260.73,Sony JP
2025-09-12,SQ *5IVE SENSES,6.23,0.0,Sony JP
2025-09-12,DON QUIJOTE,26.05,0.0,Sony JP
2025-09-13,SQ *5IVE SENSES,3.0,0.0,Sony JP
2025-09-14,AMAZON,0.0,209.41,Sony JP
2025-09-15,COSTCO WHSE,64.9,0.0,Sony JP
2025-09-15,MARSHALLS,24.05,0.0,Sony JP
2025-09-15,NIJIYA MARKET,12.89,0.0,Sony JP
2025-09-15,AMAZON,15.7,0.0,Sony JP
2025-09-16,DON QUIJOTE,17.98,0.0,Sony JP
2025-09-20,GOHAN,18.61,0.0,Sony JP
2025-09-20,DAISO − PIIKOI,4.71,0.0,Sony JP
2025-09-20,SQ *LAPIN LLC,5.24,0.0,Sony JP
2025-09-22,MARSHALLS,16.73,0.0,Sony JP
2025-09-22,DON QUIJOTE,35.54,0.0,Sony JP
2025-09-22,SAMS CLUB,22.44,0.0,Sony JP
2025-09-23,DON QUIJOTE,10.75,0.0,Sony JP
2025-09-23,ROSS STORES,27.18,0.0,Sony JP
2025-09-23,NIJIYA MARKET,11.7,0.0,Sony JP
2025-09-23,AMAZON,32.91,0.0,Sony JP
2025-09-24,DON QUIJOTE,9.72,0.0,Sony JP
2025-09-25,SQ *OKAYAMA KOBO BAKERY &,15.24,0.0,Sony JP
2025-09-25,T J MAXX,13.59,0.0,Sony JP
2025-09-25,DAISO − PIIKOI,4.71,0.0,Sony JP
2025-09-25,WAL−MART,12.46,0.0,Sony JP
2025-09-27,DON QUIJOTE,45.21,0.0,Sony JP
2025-09-28,AMAZON,22.17,0.0,Sony JP
2025-09-28,AMAZON,25.1,0.0,Sony JP
2025-09-28,AMAZON,16.72,0.0,Sony JP
2025-09-29,AMAZON,20.06,0.0,Sony JP
2025-09-29,GREENWORLD COFFEE FARMS,37.59,0.0,Sony JP
2025-10-01,FUSION CAFE,4.19,0.0,Sony JP
2025-10-01,SAMS CLUB,32.79,0.0,Sony JP
2025-10-02,DON QUIJOTE,17.24,0.0,Sony JP
2025-10-06,SP DAILY WHISK MATCH,14.72,0.0,Sony JP
2025-10-07,TST* RUGER LLC,25.03,0.0,Sony JP
2025-10-07,SQ *SOHO HAIR SALON ILIKA,81.68,0.0,Sony JP
2025-10-08,SQ *SOHO HAIR SALON ILIKA,15.6,0.0,Sony JP
2025-10-10,AMAZON,115.13,0.0,Sony JP
2025-10-10,Spectrum,50.0,0.0,Sony JP
2025-10-11,DON QUIJOTE,24.92,0.0,Sony JP
2025-10-13,SAMS CLUB,47.48,0.0,Sony JP
2025-10-13,WAL−MART,7.19,0.0,Sony JP
2025-10-13,DON QUIJOTE,17.55,0.0,Sony JP
2025-10-14,AMAZON,20.51,0.0,Sony JP
2025-10-14,WAL−MART,28.76,0.0,Sony JP
2025-10-14,AMAZON,62.82,0.0,Sony JP
2025-10-15,AMAZON,10.46,0.0,Sony JP
2025-10-15,AMAZON,7.78,0.0,Sony JP
2025-10-17,SAMSCLUB,0.0,32.44,Sony JP
2025-10-17,GEOBLUE,1089.55,0.0,Sony JP
2025-10-18,T J MAXX,42.88,0.0,Sony JP
2025-10-18,AMAZON,17.78,0.0,Sony JP
2025-10-19,DON QUIJOTE,39.66,0.0,Sony JP
2025-10-20,10023 UFC GYM,834.96,0.0,Sony JP
2025-10-20,10023 UFC GYM,1065.9,0.0,Sony JP
2025-10-20,AMAZON,45.0,0.0,Sony JP
2025-10-21,SAMS CLUB,38.87,0.0,Sony JP
2025-10-21,UNIV,141.2,0.0,Sony JP
2025-10-24,THAI TASTE,12.51,0.0,Sony JP
2025-10-25,THAI TASTE,2.0,0.0,Sony JP
2025-10-25,DON QUIJOTE,46.05,0.0,Sony JP
2025-10-26,ROSS STORES,9.41,0.0,Sony JP
2025-10-27,T J MAXX,19.87,0.0,Sony JP
2025-10-27,AMAZON,10.46,0.0,Sony JP
2025-10-28,AMAZON,125.43,0.0,Sony JP
2025-10-30,DON QUIJOTE,27.87,0.0,Sony JP
2025-10-31,HOLOHOLO GRILL,9.0,0.0,Sony JP
2025-11-01,DAISO − PIIKOI,7.07,0.0,Sony JP
2025-11-02,DON QUIJOTE,24.3,0.0,Sony JP
2025-11-04,MED*HAWAII PACIFIC HEALTH,35.0,0.0,Sony JP
2025-11-05,AMAZON,0.0,125.43,Sony JP
2025-11-06,DON QUIJOTE,25.09,0.0,Sony JP
2025-11-09,WAL−MART,5.2,0.0,Sony JP
2025-11-09,SAMS CLUB,22.83,0.0,Sony JP
2025-11-10,NIJIYA MARKET,6.79,0.0,Sony JP
2025-11-11,Spectrum,50.0,0.0,Sony JP
2025-11-11,DON QUIJOTE,19.97,0.0,Sony JP
2025-11-12,SAMS CLUB,44.61,0.0,Sony JP
2025-11-13,DON QUIJOTE,14.19,0.0,Sony JP
2025-11-13,AMAZON,20.9,0.0,Sony JP
2025-11-15,SABB THAI,22.18,0.0,Sony JP
2025-11-15,SQ *HONOLULU COOKIE COMPA,15.6,0.0,Sony JP
2025-11-15,STARBUCKS STORE,8.48,0.0,Sony JP
2025-11-15,TARGET,6.9,0.0,Sony JP
2025-11-16,SQ *HONOLULU ROSE CAKE,5.76,0.0,Sony JP
2025-11-18,DON QUIJOTE,22.48,0.0,Sony JP
2025-11-19,ABC*10023−UFC GYM,35.53,0.0,Sony JP
2025-11-21,PALLINO PASTARIA SEATAC,18.31,0.0,Sony JP
2025-11-24,WAL−MART,5.8,0.0,Sony JP
2025-11-24,AMAZON,115.05,0.0,Sony JP
2025-11-24,AMAZON,37.05,0.0,Sony JP
2025-11-26,ROSS STORES,11.5,0.0,Sony JP
2025-11-26,MARSHALLS,12.54,0.0,Sony JP
2025-11-26,TARGET,17.45,0.0,Sony JP
2025-11-27,DAISO − PIIKOI,18.06,0.0,Sony JP
2025-11-27,DON QUIJOTE,32.52,0.0,Sony JP
2025-11-29,DON QUIJOTE,15.83,0.0,Sony JP
2025-12-01,DON QUIJOTE,9.41,0.0,Sony JP
2025-12-01,SAMSCLUB,47.23,0.0,Sony JP
2025-12-02,SCH,30.71,0.0,Sony JP
2025-12-02,DON QUIJOTE,14.11,0.0,Sony JP
2025-12-03,STARBUCKS STORE,3.3,0.0,Sony JP
2025-12-03,AMAZON,23.46,0.0,Sony JP
2025-12-04,WAL−MART,11.39,0.0,Sony JP
2025-12-07,LONGS,18.84,0.0,Sony JP
2025-12-07,ROSS STORES,32.93,0.0,Sony JP
2025-12-08,DON QUIJOTE,18.68,0.0,Sony JP
2025-12-11,Spectrum,50.0,0.0,Sony JP
2025-12-11,SQ *DELL’S KITCHEN & BAKE,14.66,0.0,Sony JP
2025-12-11,SQ *DELL’S KITCHEN & BAKE,3.14,0.0,Sony JP
2025-12-11,SQ *MIO PASTALOGY,9.16,0.0,Sony JP
2025-12-11,PALAMA SUPERMARKET MAKALO,19.24,0.0,Sony JP
2025-12-12,SQ *DELL’S KITCHEN & BAKE,2.1,0.0,Sony JP
2025-12-13,SAMSCLUB,66.19,0.0,Sony JP
2025-12-13,COSTCO BY INSTACART,106.6,0.0,Sony JP
2025-12-14,DON QUIJOTE,6.06,0.0,Sony JP
2025-12-15,COSTCO BY INSTACART,15.99,0.0,Sony JP
2025-12-15,SQ *SOHO HAIR SALON ILIKA,78.53,0.0,Sony JP
2025-12-16,DON QUIJOTE,7.94,0.0,Sony JP
2025-12-16,SQ *SOHO HAIR SALON ILIKA,15.0,0.0,Sony JP
2025-12-18,ABC*10023−UFC GYM,61.66,0.0,Sony JP
2025-12-19,AMAZON,23.61,0.0,Sony JP
2025-12-19,DON QUIJOTE,12.84,0.0,Sony JP
2025-12-20,AMAZON,42.36,0.0,Sony JP
2025-12-20,AMAZON,7.99,0.0,Sony JP
2025-12-22,DEAN & DELUCA − RITZ CARL,7.85,0.0,Sony JP
2025-12-23,NIJIYA MARKET,13.69,0.0,Sony JP
2025-12-24,USPS,3.4,0.0,Sony JP
2025-12-25,STARBUCKS STORE,4.61,0.0,Sony JP
2025-12-27,AMAZON,21.55,0.0,Sony JP
2025-12-27,AMAZON,10.46,0.0,Sony JP
2025-12-28,WAL−MART,21.28,0.0,Sony JP
2025-12-28,AMAZON,41.87,0.0,Sony JP
2025-12-28,SPEEDYPREP 3 MONTHS,71.88,0.0,Sony JP
2025-12-28,DON QUIJOTE,38.09,0.0,Sony JP
2025-12-29,AMAZON,45.71,0.0,Sony JP
2025-12-29,AMAZON,16.5,0.0,Sony JP
2025-12-30,DON QUIJOTE,13.94,0.0,Sony JP
2025-12-31,DON QUIJOTE,14.26,0.0,Sony JP
2025-12-31,SAMS CLUB,47.13,0.0,Sony JP
2026-01-02,WHOLEFDS KMO,5.65,0.0,Sony JP
2026-01-03,AMAZON,26.85,0.0,Sony JP
2026-01-03,AMAZON,35.09,0.0,Sony JP
2026-01-04,LONGS,5.96,0.0,Sony JP
2026-01-05,WAL−MART,9.97,0.0,Sony JP
2026-01-06,ROSS STORES,17.78,0.0,Sony JP
2026-01-06,NIJIYA MARKET,3.13,0.0,Sony JP
2026-01-06,DON QUIJOTE,22.22,0.0,Sony JP
2026-01-09,SQ *DELL’S KITCHEN & BAKE,18.32,0.0,Sony JP
2026-01-09,SQ *DELL’S KITCHEN & BAKE,3.14,0.0,Sony JP
2026-01-10,ZYBOOK COLLEGE TXTBOOK,69.0,0.0,Sony JP
2026-01-11,Spectrum,50.0,0.0,Sony JP
2026-01-11,AMAZON,6.26,0.0,Sony JP
2026-01-13,WAL−MART,3.85,0.0,Sony JP
2026-01-14,ZYBOOK COLLEGE TXTBOOK,89.0,0.0,Sony JP
2026-01-14,ACI LEARNING LLC,114.4,0.0,Sony JP
2026-01-15,SP BIKEFACTORY,63.34,0.0,Sony JP
2026-01-15,DON QUIJOTE,14.48,0.0,Sony JP
2026-01-16,AMAZON,54.41,0.0,Sony JP
2026-01-17,DUNKIN,3.86,0.0,Sony JP
2026-01-20,WHOLEFDS,5.6,0.0,Sony JP
2026-01-20,T J MAXX,14.64,0.0,Sony JP
2026-01-20,WAL−MART,14.82,0.0,Sony JP
2026-01-21,AMAZON,0.0,36.1,Sony JP
2026-01-22,TARGET,40.3,0.0,Sony JP
2026-01-22,NIJIYA MARKET,8.45,0.0,Sony JP
2026-01-22,UNIV,4210.0,0.0,Sony JP
2026-01-23,SAMSCLUB,65.25,0.0,Sony JP
2026-01-25,DON QUIJOTE,38.05,0.0,Sony JP
2026-01-27,NIJIYA MARKET,1.69,0.0,Sony JP
2026-01-27,MARSHALLS,10.45,0.0,Sony JP
2026-01-27,DON QUIJOTE,18.01,0.0,Sony JP
2026-01-28,GOOGLE*CHROME TEMP,1.0,0.0,Sony JP
2026-01-28,ALL ACCESS ORTHO OAHU LLC,35.0,0.0,Sony JP
2026-01-28,GOOGLE*CHROME TEMP,0.0,1.0,Sony JP
2026-01-29,DON QUIJOTE,24.05,0.0,Sony JP
2026-01-30,SAMSCLUB,29.14,0.0,Sony JP
2026-01-30,WAL−MART,7.83,0.0,Sony JP
2026-01-30,AMAZON,44.69,0.0,Sony JP
2026-02-01,DON QUIJOTE,18.37,0.0,Sony JP
2026-02-04,SQ *SOHO HAIR SALON ILIKA,62.83,0.0,Sony JP
2026-02-04,USPS,4.15,0.0,Sony JP
2026-02-04,SAMS CLUB,27.04,0.0,Sony JP
2026-02-05,SQ *SOHO HAIR SALON ILIKA,12.0,0.0,Sony JP
2026-02-07,DAISO − PIIKOI,11.78,0.0,Sony JP
2026-02-08,AMAZON,30.11,0.0,Sony JP
2026-02-11,Spectrum,50.0,0.0,Sony JP
2026-02-11,DON QUIJOTE,22.25,0.0,Sony JP
2026-02-16,決算利息,0.0,0.88,Sony JP
2026-02-16,T J MAXX,21.97,0.0,Sony JP
2026-02-16,ROSS STORES,16.21,0.0,Sony JP
2026-02-17,DON QUIJOTE,25.16,0.0,Sony JP
2026-02-17,AMAZON,30.32,0.0,Sony JP
2026-02-17,AMAZON,69.09,0.0,Sony JP
2026-02-17,AMAZON,15.69,0.0,Sony JP
2026-02-18,AMAZON,10.36,0.0,Sony JP
2026-02-22,WAL−MART,5.11,0.0,Sony JP
2026-02-22,SAMS CLUB,21.51,0.0,Sony JP
2026-02-23,AMAZON,16.74,0.0,Sony JP
2026-02-23,BTS*HAWAII MEDICAL SERV,23.12,0.0,Sony JP
2026-02-24,DON QUIJOTE,15.75,0.0,Sony JP
2026-02-24,DON QUIJOTE,2.82,0.0,Sony JP
2026-02-24,AMAZON,8.37,0.0,Sony JP
2026-02-28,AMAZON,12.45,0.0,Sony JP
2026-03-01,MIDTOWN EATS,24.08,0.0,Sony JP
2026-03-01,STARBUCKS STORE,3.3,0.0,Sony JP
2026-03-01,TARGET,14.12,0.0,Sony JP
2026-03-02,DON QUIJOTE,50.82,0.0,Sony JP
2026-03-03,TOTALAVPRO.COM,129.0,0.0,Sony JP
2026-03-03,AMAZON,0.0,20.93,Sony JP
2026-03-04,WAL−MART,1.59,0.0,Sony JP
2026-03-04,SAMS CLUB,36.37,0.0,Sony JP
2026-03-04,AMAZON,43.19,0.0,Sony JP
2026-03-09,DON QUIJOTE,50.27,0.0,Sony JP
2026-03-11,Spectrum,50.0,0.0,Sony JP
2026-03-11,USPS,28.55,0.0,Sony JP
2026-03-11,MARSHALLS,24.06,0.0,Sony JP
2026-03-12,SAMS CLUB,86.82,0.0,Sony JP
2026-03-14,AMAZON,25.94,0.0,Sony JP
2026-03-14,AMAZON,9.41,0.0,Sony JP
2026-03-16,NIJIYA MARKET,15.45,0.0,Sony JP
2026-03-16,TARGET,2.7,0.0,Sony JP
2026-03-17,DON QUIJOTE,9.47,0.0,Sony JP
2026-03-18,WAL−MART,3.43,0.0,Sony JP
2026-03-23,DON QUIJOTE,28.52,0.0,Sony JP
2026-03-23,DON QUIJOTE,11.17,0.0,Sony JP
2026-03-28,SPEEDYPREP 3 MONTHS,71.88,0.0,Sony JP
2026-03-30,DON QUIJOTE,43.33,0.0,Sony JP
2026-03-31,BTS*HAWAII MEDICAL SERV,23.12,0.0,Sony JP
2026-04-04,WAL−MART,25.14,0.0,Sony JP
2026-04-04,DON QUIJOTE,11.5,0.0,Sony JP
2026-04-05,DONER SHACK KEEAUMOKU,16.09,0.0,Sony JP
2026-04-06,DON QUIJOTE,19.86,0.0,Sony JP
2026-04-07,UNIVERSITY HEALTH SERVIC,211.0,0.0,Sony JP
2026-04-10,DON QUIJOTE,26.21,0.0,Sony JP
2026-04-10,Spectrum,50.0,0.0,Sony JP
2026-04-14,SAMS CLUB,52.69,0.0,Sony JP
2026-04-16,TIMES SUPERMARKET,17.96,0.0,Sony JP
2026-04-19,GREENWORLD COFFEE FARMS,31.31,0.0,Sony JP
2026-04-20,NIJIYA MARKET,5.17,0.0,Sony JP
2026-04-21,DON QUIJOTE,17.51,0.0,Sony JP
2026-04-22,SQ *SOHO HAIR SALON,62.83,0.0,Sony JP
2026-04-22,DONER SHACK KEEAUMOKU,14.63,0.0,Sony JP
2024-12-28,AplPay CHICK-FIL-A #HONOLULU,29.35,0.0,AMEX US
2024-12-28,WASH LAUNDRY MOBILE TORRANCE,10.0,0.0,AMEX US
2024-12-26,UBER,7.54,0.0,AMEX US
2024-12-23,INTERNATIONAL MID PAHONOLULU,2600.0,0.0,AMEX US
2024-12-22,UBER,1.0,0.0,AMEX US
2024-12-22,UBER,9.96,0.0,AMEX US
2024-12-18,AMAZON MARKEPLACE NA,21.42,0.0,AMEX US
2024-12-16,AMAZON,0.0,22.8,AMEX US
2024-12-02,AMAZON MARKEPLACE NA,22.8,0.0,AMEX US
2024-12-02,WASH LAUNDRY MOBILE TORRANCE,10.0,0.0,AMEX US
2024-11-24,UBER,26.32,0.0,AMEX US
2024-11-24,UBER,36.55,0.0,AMEX US
2024-11-14,WASH LAUNDRY MOBILE TORRANCE,10.0,0.0,AMEX US
2024-11-12,BLOOMINGDALES.COM,1.18,0.0,AMEX US
2024-11-11,UBER,9.94,0.0,AMEX US
2024-10-26,WASH LAUNDRY MOBILE TORRANCE,10.0,0.0,AMEX US
2024-10-11,AMAZON MARKEPLACE NA,27.1,0.0,AMEX US
2024-10-07,UBER,25.93,0.0,AMEX US
2024-10-06,Sunoco Gas,7.43,0.0,AMEX US
2024-10-03,YOUNGS WINE AND SPIRHONOLULU,29.31,0.0,AMEX US
2024-10-02,ROSS DRESS FOR LESS,10.46,0.0,AMEX US
2024-09-28,WASH LAUNDRY MOBILE TORRANCE,10.0,0.0,AMEX US
2024-09-10,WASH LAUNDRY MOBILE TORRANCE,10.0,0.0,AMEX US
2024-09-06,UBER,26.29,0.0,AMEX US
2024-09-02,UBER,28.74,0.0,AMEX US
2024-09-01,UBER,8.41,0.0,AMEX US
2024-09-01,UBER,26.35,0.0,AMEX US
2024-08-30,AMAZON,0.0,6.27,AMEX US
2024-08-30,MUSUBI CAFE,10.45,0.0,AMEX US
2024-08-26,AMAZON MARKEPLACE NA,12.54,0.0,AMEX US
2024-08-26,ROSS DRESS FOR LESS,13.07,0.0,AMEX US
2024-08-25,AMAZON MARKEPLACE NA,13.56,0.0,AMEX US
2024-08-24,AMAZON MARKEPLACE NA,57.78,0.0,AMEX US
2024-08-24,CruiseLineMIAMI,1079.51,0.0,AMEX US
2024-08-24,HOTELS,0.0,98.99,AMEX US
2024-08-22,HOTELS,98.99,0.0,AMEX US
2024-08-22,WASH LAUNDRY MOBILE TORRANCE,10.0,0.0,AMEX US
2024-08-20,DAISO,7.33,0.0,AMEX US
2024-08-20,SAFEWAY,8.74,0.0,AMEX US
2024-08-19,TIMES SUPERMARKET,6.22,0.0,AMEX US
2024-08-18,CBTL WARD,4.6,0.0,AMEX US
2024-08-18,T J MAXX,68.02,0.0,AMEX US
2024-08-18,T J MAXX,77.47,0.0,AMEX US
2024-08-17,STARBUCKS STORE,9.06,0.0,AMEX US
2024-08-16,WALGREENS,16.52,0.0,AMEX US
2024-08-14,DON QUIJOTE (USA) COHONOLULU,25.05,0.0,AMEX US
2024-08-13,AMAZON MARKEPLACE NA,9.41,0.0,AMEX US
2024-08-12,DON QUIJOTE (USA) COHONOLULU,16.3,0.0,AMEX US
2024-08-11,DAISO,3.66,0.0,AMEX US
2024-08-11,NIJIYA MARKET,6.31,0.0,AMEX US
2024-08-10,DAISO,5.5,0.0,AMEX US
2024-08-09,SAFEWAY,1.25,0.0,AMEX US
2024-08-08,AMAZON MARKEPLACE NA,40.81,0.0,AMEX US
2024-08-08,DON QUIJOTE (USA) COHONOLULU,18.9,0.0,AMEX US
2024-08-07,SAFEWAY,8.57,0.0,AMEX US
2024-08-07,WASH LAUNDRY MOBILE TORRANCE,10.0,0.0,AMEX US
2024-08-04,FLORIE'S STORE,14.58,0.0,AMEX US
2024-08-01,MUSUBI CAFE AT LANAIHONOLULU,10.45,0.0,AMEX US
2024-08-01,SOHO HAIR SALON ILIKHonolulu,74.83,0.0,AMEX US
2024-07-31,ROSS DRESS FOR LESS,25.62,0.0,AMEX US
2024-07-29,AMAZON.COM,9.41,0.0,AMEX US
2024-07-29,AMAZON.COM,13.6,0.0,AMEX US
2024-07-29,DON QUIJOTE (USA) COHONOLULU,13.43,0.0,AMEX US
2024-07-28,DAISO,10.73,0.0,AMEX US
2024-07-28,SAFEWAY,4.27,0.0,AMEX US
2024-07-27,SAFEWAY,24.71,0.0,AMEX US
2024-07-24,DON QUIJOTE (USA) COHONOLULU,19.49,0.0,AMEX US
2024-07-22,AMAZON.COM,26.17,0.0,AMEX US
2024-07-21,YAMASHIRO BUILDING SKANEOHE,18.84,0.0,AMEX US
2024-07-20,LONGS,15.48,0.0,AMEX US
2024-07-19,AMAZON MARKEPLACE NA,7.94,0.0,AMEX US
2024-07-19,AMAZON MARKEPLACE NA,161.87,0.0,AMEX US
2024-07-18,AMAZON MARKEPLACE NA,4.39,0.0,AMEX US
2024-07-18,HO FARMS,3.09,0.0,AMEX US
2024-07-17,JB-US,12.22,0.0,AMEX US
2024-07-15,DON QUIJOTE (USA) COHONOLULU,14.13,0.0,AMEX US
2024-07-15,WASH LAUNDRY MOBILE TORRANCE,10.0,0.0,AMEX US
2024-07-11,DAISO,3.66,0.0,AMEX US
2024-07-11,MARSHALLS,73.21,0.0,AMEX US
2024-07-11,ROOTS & GREENS,16.74,0.0,AMEX US
2024-07-11,ROSS DRESS FOR LESS,21.97,0.0,AMEX US
2024-07-09,DON QUIJOTE (USA) COHONOLULU,9.61,0.0,AMEX US
2024-07-08,DAISO,6.54,0.0,AMEX US
2024-07-07,KAKA'AKO CAFE 3HONOLULU,4.96,0.0,AMEX US
2024-07-06,BOOKOFF KAKA'AKO,19.88,0.0,AMEX US
2024-07-02,DON QUIJOTE (USA) COHONOLULU,2.08,0.0,AMEX US
2024-07-01,DON QUIJOTE (USA) COHONOLULU,6.26,0.0,AMEX US
2024-06-30,ROSS STORES,17.04,0.0,AMEX US
2024-06-30,STEAK TEPPEI,28.22,0.0,AMEX US
2024-06-29,LONGS,8.37,0.0,AMEX US
2024-06-29,SAFEWAY,15.77,0.0,AMEX US
2024-06-27,THE HOME DEPOT,20.92,0.0,AMEX US
2024-06-27,WASH LAUNDRY MOBILE TORRANCE,10.0,0.0,AMEX US
2024-06-26,AMAZON MARKEPLACE NA,47.45,0.0,AMEX US
2024-06-25,AMAZON MARKEPLACE NA,13.6,0.0,AMEX US
2024-06-22,DAISO,1.83,0.0,AMEX US
2024-06-22,SAFEWAY,3.13,0.0,AMEX US
2024-06-22,WALGREENS,7.32,0.0,AMEX US
2024-06-20,PIONEER SALOON 00-08HONOLULU,42.15,0.0,AMEX US
2024-06-20,SOHO HAIR SALON ILIKHonolulu,56.12,0.0,AMEX US
2024-06-17,DAISO,1.83,0.0,AMEX US
2024-06-17,DON QUIJOTE (USA) COHONOLULU,24.76,0.0,AMEX US
2024-06-16,SAFEWAY,10.13,0.0,AMEX US
2024-06-13,AMAZON MARKEPLACE NA,18.84,0.0,AMEX US
2024-06-13,AMAZON MARKEPLACE NA,50.46,0.0,AMEX US
2024-06-12,AMAZON,0.0,24.82,AMEX US
2024-06-12,DON QUIJOTE (USA) COHONOLULU,12.41,0.0,AMEX US
2024-06-10,DON QUIJOTE (USA) COHONOLULU,5.75,0.0,AMEX US
2024-06-09,DOWN TO EARTH KAILUAKAILUA,2.08,0.0,AMEX US
2024-06-09,ROSS DRESS FOR LESS,15.69,0.0,AMEX US
2024-06-09,KALAPAWAI MARKEKAILUA,7.32,0.0,AMEX US
2024-06-07,WASH LAUNDRY MOBILE TORRANCE,10.0,0.0,AMEX US
2024-06-05,FOODLAND #HONOLULU,6.66,0.0,AMEX US
2024-06-04,AMAZON MARKEPLACE NA,63.52,0.0,AMEX US
2024-06-04,DON QUIJOTE (USA) COHONOLULU,10.44,0.0,AMEX US
2024-06-03,MARSHALLS,24.06,0.0,AMEX US
2024-06-02,HONOLULU,10.46,0.0,AMEX US
2024-06-02,SAFEWAY,5.04,0.0,AMEX US
2024-06-02,T J MAXX,34.52,0.0,AMEX US
2024-06-02,WHOLEFDS,3.3,0.0,AMEX US
2024-05-31,T J MAXX,13.6,0.0,AMEX US
2024-05-31,WHOLEFDS,33.66,0.0,AMEX US
2024-05-29,ROSS DRESS FOR LESS,5.23,0.0,AMEX US
2024-05-29,SAFEWAY,3.74,0.0,AMEX US
2024-05-28,AMAZON MARKEPLACE NA,24.82,0.0,AMEX US
2024-05-28,AMAZON MARKEPLACE NA,62.44,0.0,AMEX US
2024-05-28,SAFEWAY,1.25,0.0,AMEX US
2024-05-27,AMAZON MARKEPLACE NA,36.65,0.0,AMEX US
2024-05-27,WASH LAUNDRY MOBILE TORRANCE,10.0,0.0,AMEX US
2024-05-26,CBTL WARD,4.59,0.0,AMEX US
2024-05-26,LONGS,3.39,0.0,AMEX US
2024-05-26,T J MAXX,24.06,0.0,AMEX US
2024-05-25,SAFEWAY,21.44,0.0,AMEX US
2024-05-24,AMAZON MARKEPLACE NA,78.51,0.0,AMEX US
2024-05-23,AMAZON MARKEPLACE NA,56.08,0.0,AMEX US
2024-05-23,DON QUIJOTE (USA) COHONOLULU,23.03,0.0,AMEX US
2024-05-21,SAFEWAY,33.46,0.0,AMEX US
2024-05-20,STARBUCKS STORE,6.7,0.0,AMEX US
2024-05-19,DAISO,3.66,0.0,AMEX US
2024-05-19,SAFEWAY,8.88,0.0,AMEX US
2024-05-19,WALGREENS,19.9,0.0,AMEX US
2024-05-17,ETHELS GRILL,34.68,0.0,AMEX US
2024-05-17,MARUKAI,51.87,0.0,AMEX US
2024-05-13,DON QUIJOTE (USA) COHONOLULU,13.7,0.0,AMEX US
2024-05-12,EPI-YA BAKERY,9.42,0.0,AMEX US
2024-05-12,SAFEWAY,4.13,0.0,AMEX US
2024-05-12,TIMES SUPERMARKET,19.94,0.0,AMEX US
2024-05-11,NIJIYA MARKET,11.43,0.0,AMEX US
2024-05-11,T J MAXX,16.73,0.0,AMEX US
2024-05-11,WASH LAUNDRY MOBILE TORRANCE,10.0,0.0,AMEX US
2024-05-07,DON QUIJOTE (USA) COHONOLULU,9.5,0.0,AMEX US
2024-05-05,AMAZON MARKEPLACE NA,19.75,0.0,AMEX US
2024-05-05,DAISO,9.95,0.0,AMEX US
2024-05-04,DAISO,5.24,0.0,AMEX US
2024-05-04,LONGS,8.37,0.0,AMEX US
2024-05-04,PARADISE POKE HAWAIIHONOLULU,15.1,0.0,AMEX US
2024-05-04,STARBUCKS STORE,6.7,0.0,AMEX US
2024-05-04,WHOLEFDS,33.42,0.0,AMEX US
2024-05-01,GYROS-N-VILLAINS,13.8,0.0,AMEX US
2024-04-30,DAISO,6.54,0.0,AMEX US
2024-04-30,SAFEWAY,23.71,0.0,AMEX US
2024-04-28,H MART,11.75,0.0,AMEX US
2024-04-28,VONS CHICKEN,48.74,0.0,AMEX US
2024-04-27,Amazon Prime,187.43,0.0,AMEX US
2024-04-27,DAISO,8.12,0.0,AMEX US
2024-04-27,WALGREENS,16.97,0.0,AMEX US
2024-04-26,FOODLAND #HONOLULU,36.09,0.0,AMEX US
2024-04-24,DAISO,5.5,0.0,AMEX US
2024-04-24,WASH LAUNDRY MOBILE TORRANCE,10.0,0.0,AMEX US
2024-04-23,DON QUIJOTE (USA) COHONOLULU,4.19,0.0,AMEX US
2024-04-21,ALI'I COFFEE CO.,4.04,0.0,AMEX US
2024-04-21,BOOKOFF KAKA'AKO,10.47,0.0,AMEX US
2024-04-21,DAISO,5.5,0.0,AMEX US
2024-04-21,MARUGAME UDON,8.5,0.0,AMEX US
2024-04-21,ROSS DRESS FOR LESS,18.82,0.0,AMEX US
2024-04-20,AMAZON,0.0,17.79,AMEX US
2024-04-20,DAISO,3.66,0.0,AMEX US
2024-04-20,ROSS DRESS FOR LESS,31.88,0.0,AMEX US
2024-04-20,STEAK TEPPEI,28.22,0.0,AMEX US
2024-04-20,T J MAXX,25.1,0.0,AMEX US
2024-04-19,EPI-YA BAKERY,10.31,0.0,AMEX US
2024-04-19,SOHO HAIR SALON ILIKHonolulu,58.37,0.0,AMEX US
2024-04-18,MCDONALD'S,9.5,0.0,AMEX US
2024-04-16,SAFEWAY,9.4,0.0,AMEX US
2024-04-15,DON QUIJOTE (USA) COHONOLULU,30.04,0.0,AMEX US
2026-04-07,UFC GYM HONOLUHONOLULU,1065.9,0.0,AMEX US
2026-04-04,OPENAI,5.24,0.0,AMEX US
2026-04-01,CLOUD H6XZ3V,0.1,0.0,AMEX US
2026-04-01,CLOUD KT8FPV,0.23,0.0,AMEX US
2026-04-01,SAM'S CLUB,79.14,0.0,AMEX US
2026-03-27,CLAUDE.AI,20.94,0.0,AMEX US
2026-03-19,SAM'S CLUB,16.32,0.0,AMEX US
2026-03-13,Amazon Prime,0.0,23.11,AMEX US
2026-03-11,HONOLULU DENTAL CAREHONOLULU,826.86,0.0,AMEX US
2026-02-28,AMAZON.COM,3.34,0.0,AMEX US
2026-02-27,CLAUDE.AI,20.94,0.0,AMEX US
2026-02-24,AMAZON.COM,14.32,0.0,AMEX US
2026-01-27,CLAUDE.AI,20.94,0.0,AMEX US
2026-01-12,AMAZON.COM,11.2,0.0,AMEX US
2026-01-12,SAM'S CLUB,27.98,0.0,AMEX US
2026-01-10,AMAZON.COM,3.87,0.0,AMEX US
2026-01-05,SAM'S CLUB,15.14,0.0,AMEX US
